{
  "project_info": {
    "project_number": "109879464645",
    "project_id": "fooddeliveryapp-2807",
    "storage_bucket": "fooddeliveryapp-2807.firebasestorage.app"
  },
  "client": [
    {
      "client_info": {
        "mobilesdk_app_id": "1:109879464645:android:ee0232a9522c984bfe56ac",
        "android_client_info": {
          "package_name": "com.example.food_delivery_app"
        }
      },
      "oauth_client": [],
      "api_key": [
        {
          "current_key": "AIzaSyBWrlRJzz330XOfTDgj-8CgPRUOqW5x0b8"
        }
      ],
      "services": {
        "appinvite_service": {
          "other_platform_oauth_client": []
        }
      }
    }
  ],
  "configuration_version": "1"
}